"Id","Position","First Name","Nickname","Last Name","FPPG","Played","Salary","Game","Team","Opponent","Injury Indicator","Injury Details","",""
"22006-12362","C","DeMarcus","DeMarcus Cousins","Cousins","57.8","15","11600","NO@DEN","NO","DEN","","","",""
"22006-9488","SF","LeBron","LeBron James","James","53.166666666666664","15","11400","LAC@CLE","CLE","LAC","","","",""
"22006-15755","PF","Anthony","Anthony Davis","Davis","52.392857142857146","14","11000","NO@DEN","NO","DEN","","","",""
"22006-9642","PG","Russell","Russell Westbrook","Westbrook","46.057141985212056","14","10000","OKC@SA","OKC","SA","","","",""
"22006-58462","C","Karl-Anthony","Karl-Anthony Towns","Towns","42.56428745814732","14","9900","MIN@DAL","MIN","DAL","","","",""
"22006-12332","PG","John","John Wall","Wall","43.75384521484375","13","9700","MIA@WAS","WAS","MIA","","","",""
"22006-20848","PG","Damian","Damian Lillard","Lillard","43.628570556640625","14","9500","POR@SAC","POR","SAC","","","",""
"22006-55062","C","Nikola","Nikola Jokic","Jokic","41.81428745814732","14","9300","NO@DEN","DEN","NO","","","",""
"22006-15557","C","Andre","Andre Drummond","Drummond","42.58571515764509","14","9100","DET@IND","DET","IND","","","",""
"22006-63122","PF","Kristaps","Kristaps Porzingis","Porzingis","45.03846153846154","13","9000","NY@TOR","NY","TOR","","","",""
"22006-12363","C","Hassan","Hassan Whiteside","Whiteside","40","9","8800","MIA@WAS","MIA","WAS","","","",""
"22006-40203","C","Rudy","Rudy Gobert","Gobert","35.55833435058594","12","8800","UTA@BKN","UTA","BKN","O","Knee","",""
"22006-9560","PF","Blake","Blake Griffin","Griffin","40.20769324669471","13","8600","LAC@CLE","LAC","CLE","","","",""
"22006-12341","SF","Paul","Paul George","George","38.17143031529018","14","8500","OKC@SA","OKC","SA","","","",""
"22006-9688","PF","LaMarcus","LaMarcus Aldridge","Aldridge","40.13333333333333","15","8300","OKC@SA","SA","OKC","","","",""
"22006-14507","PG","Kemba","Kemba Walker","Walker","36.32307786207933","13","8000","CHA@CHI","CHA","CHI","","","",""
"22006-14513","SF","Kawhi","Kawhi Leonard","Leonard","43.2972972972973","74","8000","OKC@SA","SA","OKC","O","Quadriceps","",""
"22006-14528","SF","Jimmy","Jimmy Butler","Butler","32.30833435058594","12","8000","MIN@DAL","MIN","DAL","","","",""
"22006-9535","PG","Kyle","Kyle Lowry","Lowry","31.128570556640625","14","8000","NY@TOR","TOR","NY","","","",""
"22006-9714","SG","DeMar","DeMar DeRozan","DeRozan","37.42143031529018","14","8000","NY@TOR","TOR","NY","","","",""
"22006-58253","C","Myles","Myles Turner","Turner","33.42499923706055","8","7800","DET@IND","IND","DET","","","",""
"22006-15595","SG","Bradley","Bradley Beal","Beal","37.09285627092634","14","7700","MIA@WAS","WAS","MIA","","","",""
"22006-55057","C","Jusuf","Jusuf Nurkic","Nurkic","29.08571515764509","14","7700","POR@SAC","POR","SAC","","","",""
"22006-15684","SG","Victor","Victor Oladipo","Oladipo","36.880000813802084","15","7700","DET@IND","IND","DET","","","",""
"22006-9662","SG","Lou","Lou Williams","Williams","27.03076876126803","13","7700","LAC@CLE","LAC","CLE","","","",""
"22006-58460","SG","Devin","Devin Booker","Booker","34.95624923706055","16","7600","PHO@LAL","PHO","LAL","","","",""
"22006-23120","SF","TJ","TJ Warren","Warren","30.381250381469727","16","7500","PHO@LAL","PHO","LAL","","","",""
"22006-9874","C","Kevin","Kevin Love","Love","34.44666748046875","15","7400","LAC@CLE","CLE","LAC","","","",""
"22006-42148","PF","Rondae","Rondae Hollis-Jefferson","Hollis-Jefferson","28.107691838191105","13","7400","UTA@BKN","BKN","UTA","","","",""
"22006-80806","PG","Lonzo","Lonzo Ball","Ball","31.15333251953125","15","7400","PHO@LAL","LAL","PHO","","","",""
"22006-9660","C","Dwight","Dwight Howard","Howard","31.838461068960335","13","7400","CHA@CHI","CHA","CHI","","","",""
"22006-19067","SG","CJ","CJ McCollum","McCollum","33.85384662334736","13","7300","POR@SAC","POR","SAC","","","",""
"22006-9729","PF","Paul","Paul Millsap","Millsap","32.378570556640625","14","7200","NO@DEN","DEN","NO","","","",""
"22006-15946","SF","Harrison","Harrison Barnes","Barnes","30.559999593098958","15","7200","MIN@DAL","DAL","MIN","","","",""
"22006-14496","PG","Ricky","Ricky Rubio","Rubio","28.4","15","7000","UTA@BKN","UTA","BKN","GTD","Achilles","",""
"22006-9561","C","DeAndre","DeAndre Jordan","Jordan","29.869229830228367","13","7000","LAC@CLE","LAC","CLE","","","",""
"22006-58312","SG","D'Angelo","D'Angelo Russell","Russell","34.51666768391927","12","7000","UTA@BKN","BKN","UTA","O","Knee","",""
"22006-15628","PF","Otto","Otto Porter Jr.","Porter Jr.","34.14615337665264","13","6900","MIA@WAS","WAS","MIA","","","",""
"22006-80814","PG","Dennis","Dennis Smith Jr.","Smith Jr.","27.68461491511418","13","6900","MIN@DAL","DAL","MIN","","","",""
"22006-15846","SG","Tim","Tim Hardaway Jr.","Hardaway Jr.","29.621429443359375","14","6800","NY@TOR","NY","TOR","","","",""
"22006-14518","PF","Tobias","Tobias Harris","Harris","29.25714329310826","14","6700","DET@IND","DET","IND","","","",""
"22006-9446","PG","Jeff","Jeff Teague","Teague","31.50714329310826","14","6700","MIN@DAL","MIN","DAL","","","",""
"22006-9673","PG","Goran","Goran Dragic","Dragic","32.25714329310826","14","6700","MIA@WAS","MIA","WAS","","","",""
"22006-12351","PF","Derrick","Derrick Favors","Favors","23.066666666666666","15","6500","UTA@BKN","UTA","BKN","","","",""
"22006-9809","SG","Nicolas","Nicolas Batum","Batum","33","1","6500","CHA@CHI","CHA","CHI","","","",""
"22006-15542","PG","Spencer","Spencer Dinwiddie","Dinwiddie","23.2000004695012","13","6500","UTA@BKN","BKN","UTA","","","",""
"22006-9508","PF","Carmelo","Carmelo Anthony","Anthony","33.26923076923077","13","6500","OKC@SA","OKC","SA","","","",""
"22006-58377","PF","Kyle","Kyle Kuzma","Kuzma","25.559999593098958","15","6400","PHO@LAL","LAL","PHO","","","",""
"22006-66113","SG","Donovan","Donovan Mitchell","Mitchell","24.786665852864584","15","6400","UTA@BKN","UTA","BKN","","","",""
"22006-14516","C","Enes","Enes Kanter","Kanter","29.385713849748885","14","6400","NY@TOR","NY","TOR","","","",""
"22006-12334","SG","Avery","Avery Bradley","Bradley","26.735713413783483","14","6300","DET@IND","DET","IND","","","",""
"22006-66048","SF","Brandon","Brandon Ingram","Ingram","27.373333740234376","15","6200","PHO@LAL","LAL","PHO","","","",""
"22006-23169","C","Steven","Steven Adams","Adams","30.80909035422585","11","6200","OKC@SA","OKC","SA","GTD","Calf","",""
"22006-17333","SG","Will","Will Barton","Barton","29.142857142857142","14","6200","NO@DEN","DEN","NO","","","",""
"22006-9663","PG","Jrue","Jrue Holiday","Holiday","31.533333333333335","15","6200","NO@DEN","NO","DEN","","","",""
"22006-49116","SG","Andrew","Andrew Wiggins","Wiggins","29.557141985212052","14","6200","MIN@DAL","MIN","DAL","","","",""
"22006-9787","SF","DeMarre","DeMarre Carroll","Carroll","27.653846153846153","13","6000","UTA@BKN","BKN","UTA","","","",""
"22006-12474","PG","Patrick","Patrick Beverley","Beverley","26.579998779296876","10","6000","LAC@CLE","LAC","CLE","GTD","Knee","",""
"22006-80812","PF","Lauri","Lauri Markkanen","Markkanen","28.53333282470703","12","6000","CHA@CHI","CHI","CHA","","","",""
"22006-14523","PG","Reggie","Reggie Jackson","Jackson","29.07857186453683","14","5900","DET@IND","DET","IND","","","",""
"22006-16220","SG","Dion","Dion Waiters","Waiters","25.600001017252605","12","5900","MIA@WAS","MIA","WAS","","","",""
"22006-9570","C","Pau","Pau Gasol","Gasol","28.80666707356771","15","5900","OKC@SA","SA","OKC","","","",""
"22006-23802","SG","Kris","Kris Dunn","Dunn","24.087499618530273","8","5800","CHA@CHI","CHI","CHA","","","",""
"22006-9621","C","Brook","Brook Lopez","Lopez","27.319999186197915","15","5800","PHO@LAL","LAL","PHO","","","",""
"22006-9666","PF","Thaddeus","Thaddeus Young","Young","27.133333333333333","15","5800","DET@IND","IND","DET","","","",""
"22006-24544","SG","Gary","Gary Harris","Harris","24.616666158040363","12","5800","NO@DEN","DEN","NO","GTD","Shoulder","",""
"22006-15904","SG","Rodney","Rodney Hood","Hood","22.553847092848557","13","5700","UTA@BKN","UTA","BKN","","","",""
"22006-9624","PG","Darren","Darren Collison","Collison","27.99333292643229","15","5600","DET@IND","IND","DET","","","",""
"22006-9637","SF","Danilo","Danilo Gallinari","Gallinari","23.91111077202691","9","5600","LAC@CLE","LAC","CLE","O","Hip","",""
"22006-16604","SG","Justin","Justin Holiday","Holiday","26.618180708451703","11","5500","CHA@CHI","CHI","CHA","","","",""
"22006-9966","PF","James","James Johnson","Johnson","28.107691838191105","13","5500","MIA@WAS","MIA","WAS","","","",""
"22006-59318","SF","Joe","Joe Ingles","Ingles","24.473333740234374","15","5500","UTA@BKN","UTA","BKN","","","",""
"22006-12342","PF","Al-Farouq","Al-Farouq Aminu","Aminu","27.375","8","5400","POR@SAC","POR","SAC","O","Ankle","",""
"22006-15501","SF","Allen","Allen Crabbe","Crabbe","19.900000435965403","14","5400","UTA@BKN","BKN","UTA","","","",""
"22006-59358","PF","Domantas","Domantas Sabonis","Sabonis","28.161538931039665","13","5400","DET@IND","IND","DET","","","",""
"22006-42669","PF","Julius","Julius Randle","Randle","23.373333740234376","15","5300","PHO@LAL","LAL","PHO","","","",""
"22006-15592","SG","Austin","Austin Rivers","Rivers","23.27692354642428","13","5300","LAC@CLE","LAC","CLE","","","",""
"22006-15636","SG","Kentavious","Kentavious Caldwell-Pope","Caldwell-Pope","25.27692354642428","13","5300","PHO@LAL","LAL","PHO","","","",""
"22006-9873","C","Robin","Robin Lopez","Lopez","25.683334350585938","12","5200","CHA@CHI","CHI","CHA","","","",""
"22006-20992","PF","Larry","Larry Nance Jr.","Nance Jr.","25.1875","8","5100","PHO@LAL","LAL","PHO","O","Thumb","",""
"22006-9799","SG","Wesley","Wesley Matthews","Matthews","21.613334147135415","15","5100","MIN@DAL","DAL","MIN","","","",""
"22006-20640","SG","Jordan","Jordan Clarkson","Clarkson","24.033333333333335","15","5100","PHO@LAL","LAL","PHO","","","",""
"22006-23716","SF","Kyle","Kyle Anderson","Anderson","23.95999959309896","15","5100","OKC@SA","SA","OKC","","","",""
"22006-14503","C","Jonas","Jonas Valanciunas","Valanciunas","22.13000030517578","10","5100","NY@TOR","TOR","NY","","","",""
"22006-42156","PF","Bobby","Bobby Portis","Portis","30.075000762939453","4","5000","CHA@CHI","CHI","CHA","","","",""
"22006-9579","PF","Zach","Zach Randolph","Randolph","23.4250005086263","12","5000","POR@SAC","SAC","POR","","","",""
"22006-15814","C","Alex","Alex Len","Len","22.15333251953125","15","5000","PHO@LAL","PHO","LAL","","","",""
"22006-24546","SF","Denzel","Denzel Valentine","Valentine","20.724999745686848","12","5000","CHA@CHI","CHI","CHA","","","",""
"22006-66108","PG","Jamal","Jamal Murray","Murray","20.478572300502233","14","4900","NO@DEN","DEN","NO","","","",""
"22006-9939","PG","Patty","Patty Mills","Mills","18.433333333333334","15","4900","OKC@SA","SA","OKC","","","",""
"22006-9957","PF","Serge","Serge Ibaka","Ibaka","22.97692401592548","13","4900","NY@TOR","TOR","NY","","","",""
"22006-9481","PF","Taj","Taj Gibson","Gibson","24.885713849748885","14","4900","MIN@DAL","MIN","DAL","","","",""
"22006-40783","SG","Zach","Zach LaVine","LaVine","28.882978723404257","47","4900","CHA@CHI","CHI","CHA","O","Knee","",""
"22006-9577","SF","Rudy","Rudy Gay","Gay","24","15","4900","OKC@SA","SA","OKC","","","",""
"22006-9585","SG","Dwyane","Dwyane Wade","Wade","21.550000871930802","14","4900","LAC@CLE","CLE","LAC","","","",""
"22006-15758","SF","Michael","Michael Kidd-Gilchrist","Kidd-Gilchrist","17.25714329310826","7","4900","CHA@CHI","CHA","CHI","","","",""
"22006-80810","PG","De'Aaron","De'Aaron Fox","Fox","22.378570556640625","14","4900","POR@SAC","SAC","POR","","","",""
"22006-12350","PF","Trevor","Trevor Booker","Booker","22.089999389648437","10","4800","UTA@BKN","BKN","UTA","","","",""
"22006-15559","SG","Jeremy","Jeremy Lamb","Lamb","28.47692401592548","13","4800","CHA@CHI","CHA","CHI","","","",""
"22006-9495","SG","J.J.","J.J. Barea","Barea","22.04000040690104","15","4800","MIN@DAL","DAL","MIN","","","",""
"22006-9615","SF","Courtney","Courtney Lee","Lee","22.935714721679688","14","4800","NY@TOR","NY","TOR","","","",""
"22006-9661","C","Marcin","Marcin Gortat","Gortat","24.67142813546317","14","4800","MIA@WAS","WAS","MIA","","","",""
"22006-9758","SG","Danny","Danny Green","Green","21.699999128069198","14","4700","OKC@SA","SA","OKC","","","",""
"22006-19049","PG","Mike","Mike James","James","22.418750762939453","16","4700","PHO@LAL","PHO","LAL","","","",""
"22006-14511","PF","Markieff","Markieff Morris","Morris","17.25714329310826","7","4700","MIA@WAS","WAS","MIA","","","",""
"22006-14522","PF","Nikola","Nikola Mirotic","Mirotic","22.304286411830358","70","4700","CHA@CHI","CHI","CHA","O","Face","",""
"22006-23798","SG","Caris","Caris LeVert","LeVert","21.514286586216517","14","4700","UTA@BKN","BKN","UTA","","","",""
"22006-9500","PF","Dirk","Dirk Nowitzki","Nowitzki","20.286665852864584","15","4700","MIN@DAL","DAL","MIN","","","",""
"22006-18600","PG","Tyler","Tyler Johnson","Johnson","19.907691368689903","13","4600","MIA@WAS","MIA","WAS","","","",""
"22006-9473","C","Tyson","Tyson Chandler","Chandler","20.7000004695012","13","4600","PHO@LAL","PHO","LAL","O","Illness","",""
"22006-16233","SF","Josh","Josh Richardson","Richardson","21.271427699497767","14","4600","MIA@WAS","MIA","WAS","","","",""
"22006-9636","SF","Wilson","Wilson Chandler","Chandler","18.635713849748885","14","4600","NO@DEN","DEN","NO","","","",""
"22006-23665","SG","Buddy","Buddy Hield","Hield","22.778570992606028","14","4500","POR@SAC","SAC","POR","","","",""
"22006-67707","PF","Marquese","Marquese Chriss","Chriss","19.443750381469727","16","4500","PHO@LAL","PHO","LAL","","","",""
"22006-15996","PG","Jerian","Jerian Grant","Grant","23.28333282470703","12","4500","CHA@CHI","CHI","CHA","","","",""
"22006-14554","SG","E'Twaun","E'Twaun Moore","Moore","21.180000813802085","15","4500","NO@DEN","NO","DEN","","","",""
"22006-23831","PF","Jerami","Jerami Grant","Grant","21.099999564034597","14","4500","OKC@SA","OKC","SA","","","",""
"22006-58153","SF","Kelly","Kelly Oubre Jr.","Oubre Jr.","23.34285627092634","14","4500","MIA@WAS","WAS","MIA","","","",""
"22006-12359","SF","Evan","Evan Turner","Turner","21.34285627092634","14","4400","POR@SAC","POR","SAC","","","",""
"22006-14530","SF","Bojan","Bojan Bogdanovic","Bogdanovic","20.293332926432292","15","4400","DET@IND","IND","DET","","","",""
"22006-15583","SG","Seth","Seth Curry","Curry","22.30142822265625","70","4400","MIN@DAL","DAL","MIN","O","Lower leg","",""
"22006-42733","SF","David","David Nwaba","Nwaba","18.975000381469727","8","4400","CHA@CHI","CHI","CHA","O","Ankle","",""
"22006-9475","PG","Derrick","Derrick Rose","Rose","18.514286586216517","7","4400","LAC@CLE","CLE","LAC","O","Ankle","",""
"22006-9506","SG","JR","JR Smith","Smith","16.826666259765624","15","4400","LAC@CLE","CLE","LAC","","","",""
"22006-14529","PG","Cory","Cory Joseph","Joseph","19.626666259765624","15","4300","DET@IND","IND","DET","","","",""
"22006-9609","C","Al","Al Jefferson","Jefferson","17.289999389648436","10","4300","DET@IND","IND","DET","","","",""
"22006-9647","SF","Thabo","Thabo Sefolosha","Sefolosha","18.14666748046875","15","4300","UTA@BKN","UTA","BKN","","","",""
"22006-9703","PG","George","George Hill","Hill","17.391666412353516","12","4300","POR@SAC","SAC","POR","","","",""
"22006-16448","PF","Frank","Frank Kaminsky","Kaminsky","19.974999745686848","12","4200","CHA@CHI","CHA","CHI","","","",""
"22006-58463","PG","Tyler","Tyler Ulis","Ulis","15.573333740234375","15","4200","PHO@LAL","PHO","LAL","","","",""
"22006-81026","PG","Milos","Milos Teodosic","Teodosic","12.100000381469727","2","4200","LAC@CLE","LAC","CLE","O","Foot","",""
"22006-17542","C","Alan","Alan Williams","Williams","18.52978775349069","47","4200","PHO@LAL","PHO","LAL","O","Knee","",""
"22006-9451","PF","Marvin","Marvin Williams","Williams","18.26923076923077","13","4200","CHA@CHI","CHA","CHI","","","",""
"22006-9455","PG","Rajon","Rajon Rondo","Rondo","12.199999809265137","2","4200","NO@DEN","NO","DEN","","","",""
"22006-80813","PG","Frank","Frank Ntilikina","Ntilikina","18.099999745686848","12","4200","NY@TOR","NY","TOR","","","",""
"22006-58350","SF","Stanley","Stanley Johnson","Johnson","17.545454545454547","11","4200","DET@IND","DET","IND","","","",""
"22006-12511","PG","Ish","Ish Smith","Smith","19.08571515764509","14","4100","DET@IND","DET","IND","","","",""
"22006-23823","C","Willie","Willie Cauley-Stein","Cauley-Stein","21.614286150251115","14","4100","POR@SAC","SAC","POR","","","",""
"22006-63124","PG","Emmanuel","Emmanuel Mudiay","Mudiay","20.021427699497767","14","4000","NO@DEN","DEN","NO","","","",""
"22006-23772","PG","Yogi","Yogi Ferrell","Ferrell","18.619999186197916","15","4000","MIN@DAL","DAL","MIN","","","",""
"22006-40208","PG","Raul","Raul Neto","Neto","6.775000095367432","8","4000","UTA@BKN","UTA","BKN","","","",""
"22006-16178","SF","Maurice","Maurice Harkless","Harkless","17.235714503696986","14","4000","POR@SAC","POR","SAC","","","",""
"22006-9652","PG","Jameer","Jameer Nelson","Nelson","18.26153799203726","13","4000","NO@DEN","NO","DEN","","","",""
"22006-9725","SF","CJ","CJ Miles","Miles","16.2000004695012","13","4000","NY@TOR","TOR","NY","","","",""
"22006-15947","SF","Reggie","Reggie Bullock","Bullock","7.555555555555555","9","3900","DET@IND","DET","IND","","","",""
"22006-67708","PG","Dejounte","Dejounte Murray","Murray","20.293332926432292","15","3900","OKC@SA","SA","OKC","","","",""
"22006-15548","SG","Andre","Andre Roberson","Roberson","13.964285714285714","14","3900","OKC@SA","OKC","SA","","","",""
"22006-15560","PG","Shabazz","Shabazz Napier","Napier","12.889999389648438","10","3900","POR@SAC","POR","SAC","","","",""
"22006-58084","SF","Justise","Justise Winslow","Winslow","17.77142878941127","14","3900","MIA@WAS","MIA","WAS","","","",""
"22006-15800","PF","Jae","Jae Crowder","Crowder","15.286666870117188","15","3900","LAC@CLE","CLE","LAC","","","",""
"22006-17384","C","Kyle","Kyle O'Quinn","O'Quinn","19.778570992606028","14","3900","NY@TOR","NY","TOR","","","",""
"22006-15417","SF","Solomon","Solomon Hill","Hill","17.16125030517578","80","3800","NO@DEN","NO","DEN","O","Hamstring","",""
"22006-12348","SF","Wesley","Wesley Johnson","Johnson","14.6000002347506","13","3800","LAC@CLE","LAC","CLE","","","",""
"22006-41077","PG","Sindarius","Sindarius Thornwell","Thornwell","9.423076923076923","13","3800","LAC@CLE","LAC","CLE","","","",""
"22006-66174","PG","Jawun","Jawun Evans","Evans","8.766666412353516","6","3800","LAC@CLE","LAC","CLE","","","",""
"22006-15520","SG","Sean","Sean Kilpatrick","Kilpatrick","7.971428462437221","7","3800","UTA@BKN","BKN","UTA","","","",""
"22006-42661","PF","Noah","Noah Vonleh","Vonleh","13.728571210588727","7","3800","POR@SAC","POR","SAC","","","",""
"22006-11074","SG","Garrett","Garrett Temple","Temple","16.43076970027043","13","3800","POR@SAC","SAC","POR","","","",""
"22006-9648","PF","Jeff","Jeff Green","Green","18.173333740234376","15","3800","LAC@CLE","CLE","LAC","","","",""
"22006-80816","SG","Malik","Malik Monk","Monk","15.184614915114183","13","3800","CHA@CHI","CHA","CHI","","","",""
"22006-9704","SG","Manu","Manu Ginobili","Ginobili","16.900000254313152","12","3800","OKC@SA","SA","OKC","","","",""
"22006-12337","C","Greg","Greg Monroe","Monroe","18.1999994913737","6","3700","PHO@LAL","PHO","LAL","","","",""
"22006-66109","PF","Skal","Skal Labissiere","Labissiere","17.42142813546317","14","3700","POR@SAC","SAC","POR","","","",""
"22006-12365","PF","Ed","Ed Davis","Davis","18.814285278320312","14","3700","POR@SAC","POR","SAC","","","",""
"22006-12369","SF","Lance","Lance Stephenson","Stephenson","16.426666259765625","15","3700","DET@IND","IND","DET","","","",""
"22006-15691","C","Cody","Cody Zeller","Zeller","20.166666666666668","9","3700","CHA@CHI","CHA","CHI","","","",""
"22006-15744","SF","Rodney","Rodney McGruder","McGruder","14.425640399639423","78","3700","MIA@WAS","MIA","WAS","O","Leg","",""
"22006-16293","SG","Norman","Norman Powell","Powell","16.958333333333332","12","3700","NY@TOR","TOR","NY","O","Hip","",""
"22006-9870","SG","Kyle","Kyle Korver","Korver","16.266666666666666","15","3600","LAC@CLE","CLE","LAC","","","",""
"22006-9920","PF","Anthony","Anthony Tolliver","Tolliver","15.263635808771307","11","3600","DET@IND","DET","IND","","","",""
"22006-16363","SF","Joe","Joe Harris","Harris","16.292307927058292","13","3600","UTA@BKN","BKN","UTA","","","",""
"22006-9713","PG","Jarrett","Jarrett Jack","Jack","16.474999745686848","12","3600","NY@TOR","NY","TOR","","","",""
"22006-22541","PF","Kelly","Kelly Olynyk","Olynyk","19.82857186453683","14","3500","MIA@WAS","MIA","WAS","","","",""
"22006-12368","SF","Nemanja","Nemanja Bjelica","Bjelica","14.221429007393974","14","3500","MIN@DAL","MIN","DAL","","","",""
"22006-15590","C","Mason","Mason Plumlee","Plumlee","16.62142835344587","14","3500","NO@DEN","DEN","NO","","","",""
"22006-20313","PG","Nate","Nate Wolters","Wolters","0","0","3500","UTA@BKN","UTA","BKN","","","",""
"22006-40830","PG","Delon","Delon Wright","Wright","16.52142878941127","14","3500","NY@TOR","TOR","NY","O","Shoulder","",""
"22006-9605","PG","Ramon","Ramon Sessions","Sessions","16","4","3500","NY@TOR","NY","TOR","","","",""
"22006-58247","PG","Isaiah","Isaiah Whitehead","Whitehead","10.550000190734863","4","3500","UTA@BKN","BKN","UTA","","","",""
"22006-9613","SG","Devin","Devin Harris","Harris","15.233334011501736","9","3500","MIN@DAL","DAL","MIN","GTD","Ribs","",""
"22006-15771","PF","Gorgui","Gorgui Dieng","Dieng","15.62727217240767","11","3500","MIN@DAL","MIN","DAL","O","Finger","",""
"22006-16368","PF","Mike","Mike Scott","Scott","14.192307692307692","13","3500","MIA@WAS","WAS","MIA","","","",""
"22006-9731","C","Kosta","Kosta Koufos","Koufos","16.75714329310826","14","3400","POR@SAC","SAC","POR","","","",""
"22006-12339","C","Ekpe","Ekpe Udoh","Udoh","12.073333740234375","15","3400","UTA@BKN","UTA","BKN","","","",""
"22006-15961","C","Tyler","Tyler Zeller","Zeller","15.633333841959635","6","3400","UTA@BKN","BKN","UTA","","","",""
"22006-14501","C","Tristan","Tristan Thompson","Thompson","13.712499618530273","8","3400","LAC@CLE","CLE","LAC","O","Calf","",""
"22006-42667","C","Dakari","Dakari Johnson","Johnson","10.083333333333334","6","3400","OKC@SA","OKC","SA","","","",""
"22006-14515","SG","Iman","Iman Shumpert","Shumpert","13.618182095614346","11","3400","LAC@CLE","CLE","LAC","","","",""
"22006-9940","SF","Dante","Dante Cunningham","Cunningham","13.779999796549479","15","3400","NO@DEN","NO","DEN","","","",""
"22006-55060","SG","Bogdan","Bogdan Bogdanovic","Bogdanovic","17.472726995294746","11","3400","POR@SAC","SAC","POR","","","",""
"22006-16196","PF","Dwight","Dwight Powell","Powell","14.342857360839844","14","3400","MIN@DAL","DAL","MIN","","","",""
"22006-9678","C","Channing","Channing Frye","Frye","8.053845919095552","13","3400","LAC@CLE","CLE","LAC","","","",""
"22006-64017","C","Salah","Salah Mejri","Mejri","15.181818181818182","11","3300","MIN@DAL","DAL","MIN","","","",""
"22006-60021","PF","Pascal","Pascal Siakam","Siakam","16.384615384615383","13","3300","NY@TOR","TOR","NY","","","",""
"22006-70819","PF","Dragan","Dragan Bender","Bender","13.300000190734863","16","3300","PHO@LAL","PHO","LAL","","","",""
"22006-24247","PG","Fred","Fred VanVleet","VanVleet","11.492856706891741","14","3300","NY@TOR","TOR","NY","","","",""
"22006-16071","PG","Tim","Tim Frazier","Frazier","13.842857360839844","14","3300","MIA@WAS","WAS","MIA","","","",""
"22006-9458","SF","Tony","Tony Allen","Allen","9.641666412353516","12","3300","NO@DEN","NO","DEN","GTD","Knee","",""
"22006-16201","PG","Michael","Michael Carter-Williams","Carter-Williams","12.833333333333334","3","3300","CHA@CHI","CHA","CHI","","","",""
"22006-9601","C","Andrew","Andrew Bogut","Bogut","9.411110772026909","9","3300","PHO@LAL","LAL","PHO","","","",""
"22006-15762","SF","Darius","Darius Miller","Miller","8.840000406901042","15","3300","NO@DEN","NO","DEN","","","",""
"22006-80809","SF","Josh","Josh Jackson","Jackson","17.950000762939453","16","3300","PHO@LAL","PHO","LAL","","","",""
"22006-9677","PF","Jared","Jared Dudley","Dudley","11.219999694824219","5","3300","PHO@LAL","PHO","LAL","O","Knee","",""
"22006-9702","PG","Tony","Tony Parker","Parker","19.366666279141864","63","3300","OKC@SA","SA","OKC","O","Quadriceps","",""
"22006-58378","C","Jakob","Jakob Poeltl","Poeltl","16.885713849748885","14","3200","NY@TOR","TOR","NY","","","",""
"22006-23097","PG","Tomas","Tomas Satoransky","Satoransky","6","8","3200","MIA@WAS","WAS","MIA","","","",""
"22006-9804","C","Alexis","Alexis Ajinca","Ajinca","13.651282677283653","39","3200","NO@DEN","NO","DEN","O","Knee","",""
"22006-14510","SG","Alec","Alec Burks","Burks","11.814285278320312","14","3200","UTA@BKN","UTA","BKN","","","",""
"22006-9447","SF","Joe","Joe Johnson","Johnson","13.185714721679688","7","3200","UTA@BKN","UTA","BKN","O","Wrist","",""
"22006-9962","PF","Jonas","Jonas Jerebko","Jerebko","8.88000030517578","10","3200","UTA@BKN","UTA","BKN","","","",""
"22006-9479","SF","Luol","Luol Deng","Deng","5.5","1","3200","PHO@LAL","LAL","PHO","","","",""
"22006-23825","C","Nerlens","Nerlens Noel","Noel","14.364286150251116","14","3200","MIN@DAL","DAL","MIN","","","",""
"22006-18256","SF","Doug","Doug McDermott","McDermott","13.657142639160156","14","3200","NY@TOR","NY","TOR","","","",""
"22006-9587","PF","Michael","Michael Beasley","Beasley","9.930000305175781","10","3200","NY@TOR","NY","TOR","","","",""
"22006-80821","C","Jarrett","Jarrett Allen","Allen","11.985714503696986","7","3200","UTA@BKN","BKN","UTA","","","",""
"22006-68090","SF","OG","OG Anunoby","Anunoby","13.457142421177455","14","3200","NY@TOR","TOR","NY","","","",""
"22006-66046","SG","Luke","Luke Kennard","Kennard","10.299999660915798","9","3200","DET@IND","DET","IND","","","",""
"22006-66061","SF","Dwayne","Dwayne Bacon","Bacon","13.99230722280649","13","3100","CHA@CHI","CHA","CHI","","","",""
"22006-66114","PG","Antonio","Antonio Blakeney","Blakeney","9.199999809265137","2","3100","CHA@CHI","CHI","CHA","","","",""
"22006-15469","PF","Quincy","Quincy Acy","Acy","12.4272724498402","11","3100","UTA@BKN","BKN","UTA","","","",""
"22006-70832","SF","Paul","Paul Zipser","Zipser","11.0727275501598","11","3100","CHA@CHI","CHI","CHA","","","",""
"22006-16063","PF","Eric","Eric Moreland","Moreland","7.7909088134765625","11","3100","DET@IND","DET","IND","","","",""
"22006-42689","PG","Tyler","Tyler Ennis","Ennis","5.900000095367432","8","3100","PHO@LAL","LAL","PHO","","","",""
"22006-22727","PG","Ron","Ron Baker","Baker","11.966667175292969","3","3100","NY@TOR","NY","TOR","O","Shoulder","",""
"22006-81606","PG","Jacob","Jacob Wiley","Wiley","4.6400001525878904","5","3100","UTA@BKN","BKN","UTA","","","",""
"22006-23776","PF","Montrezl","Montrezl Harrell","Harrell","9.550000190734863","8","3100","LAC@CLE","LAC","CLE","","","",""
"22006-23788","SG","Bryn","Bryn Forbes","Forbes","9.833333333333334","15","3100","OKC@SA","SA","OKC","","","",""
"22006-9968","SG","Jodie","Jodie Meeks","Meeks","11.099999564034599","14","3100","MIA@WAS","WAS","MIA","","","",""
"22006-9465","PG","Raymond","Raymond Felton","Felton","15.192856924874443","14","3100","OKC@SA","OKC","SA","","","",""
"22006-58134","SF","Justin","Justin Jackson","Jackson","10.349999564034599","14","3100","POR@SAC","SAC","POR","","","",""
"22006-63826","C","Boban","Boban Marjanovic","Marjanovic","10.649999618530273","2","3100","DET@IND","DET","IND","","","",""
"22006-80817","C","Bam","Bam Adebayo","Adebayo","11.625","8","3100","MIA@WAS","MIA","WAS","","","",""
"22006-63478","C","Cristiano","Cristiano Felicio","Felicio","9.700000127156576","12","3100","CHA@CHI","CHI","CHA","","","",""
"22006-18435","PF","Alfonzo","Alfonzo McKinnie","McKinnie","2.6799999237060548","5","3000","NY@TOR","TOR","NY","","","",""
"22006-16906","PG","Julyan","Julyan Stone","Stone","9.5","2","3000","CHA@CHI","CHA","CHI","O","Hamstring","",""
"22006-49675","PG","Derrick","Derrick White","White","4.300000190734863","4","3000","OKC@SA","SA","OKC","O","Wrist","",""
"22006-66064","SG","Malik","Malik Beasley","Beasley","5.007142748151507","14","3000","NO@DEN","DEN","NO","","","",""
"22006-59416","SF","John","John Holland","Holland","0","0","3000","LAC@CLE","CLE","LAC","","","",""
"22006-16411","SG","CJ","CJ Wilcox","Wilcox","2.5636364329944956","22","3000","POR@SAC","POR","SAC","O","Knee","",""
"22006-66091","PF","Cheick","Cheick Diallo","Diallo","6.611111111111111","9","3000","NO@DEN","NO","DEN","","","",""
"22006-9778","PF","Josh","Josh McRoberts","McRoberts","13.172726717862217","22","3000","MIN@DAL","DAL","MIN","O","Lower body","",""
"22006-12340","PF","Patrick","Patrick Patterson","Patterson","8.092857360839844","14","3000","OKC@SA","OKC","SA","","","",""
"22006-43064","PG","Kay","Kay Felder","Felder","8.588889227973091","9","3000","CHA@CHI","CHI","CHA","","","",""
"22006-23612","SG","Marcus","Marcus Georges-Hunt","Georges-Hunt","0.16666666666666666","6","3000","MIN@DAL","MIN","DAL","","","",""
"22006-12354","C","Cole","Cole Aldrich","Aldrich","1.6749999523162842","4","3000","MIN@DAL","MIN","DAL","","","",""
"22006-12357","SF","Quincy","Quincy Pondexter","Pondexter","8.75","10","3000","CHA@CHI","CHI","CHA","","","",""
"22006-17989","SF","Eric","Eric Griffin","Griffin","0","0","3000","UTA@BKN","UTA","BKN","","","",""
"22006-58457","SF","Devin","Devin Robinson","Robinson","0","0","3000","MIA@WAS","WAS","MIA","O","Foot","",""
"22006-59483","PF","Chris","Chris McCullough","McCullough","6.533333460489909","3","3000","MIA@WAS","WAS","MIA","","","",""
"22006-15964","PG","Lorenzo","Lorenzo Brown","Brown","0","0","3000","NY@TOR","TOR","NY","","","",""
"22006-58461","PF","Trey","Trey Lyles","Lyles","5.144444359673394","9","3000","NO@DEN","DEN","NO","","","",""
"22006-43109","PF","Alec","Alec Peters","Peters","6.300000190734863","2","3000","PHO@LAL","PHO","LAL","","","",""
"22006-23654","PF","Brice","Brice Johnson","Johnson","4.820000076293946","5","3000","LAC@CLE","LAC","CLE","","","",""
"22006-15975","SG","C.J.","C.J. Williams","Williams","0","2","3000","LAC@CLE","LAC","CLE","","","",""
"22006-23655","PG","Marcus","Marcus Paige","Paige","2.4000000953674316","1","3000","CHA@CHI","CHA","CHI","","","",""
"22006-41063","PF","Jordan","Jordan Mickey","Mickey","14.199999809265137","2","3000","MIA@WAS","MIA","WAS","","","",""
"22006-40561","PG","Derrick","Derrick Walton Jr.","Walton Jr.","1.2000000476837158","1","3000","MIA@WAS","MIA","WAS","","","",""
"22006-40562","SG","Josh","Josh Hart","Hart","7.427272449840199","11","3000","PHO@LAL","LAL","PHO","","","",""
"22006-15993","SG","Pat","Pat Connaughton","Connaughton","10.114286150251116","14","3000","POR@SAC","POR","SAC","","","",""
"22006-81528","SG","Yakuba","Yakuba Ouattara","Ouattara","0","0","3000","UTA@BKN","BKN","UTA","GTD","Leg","",""
"22006-15994","C","Jack","Jack Cooley","Cooley","0","0","3000","POR@SAC","SAC","POR","","","",""
"22006-16506","PG","Dwight","Dwight Buycks","Buycks","0","0","3000","DET@IND","DET","IND","","","",""
"22006-58490","PG","Wade","Wade Baldwin IV","Baldwin IV","8.748485218394887","33","3000","POR@SAC","POR","SAC","O","Thumb","",""
"22006-41083","PF","Luke","Luke Kornet","Kornet","0","0","3000","NY@TOR","NY","TOR","","","",""
"22006-23676","SG","Damyean","Damyean Dotson","Dotson","5.050000190734863","8","3000","NY@TOR","NY","TOR","","","",""
"22006-41597","SF","Johnathan","Johnathan Motley","Motley","0","0","3000","MIN@DAL","DAL","MIN","","","",""
"22006-12423","C","Omer","Omer Asik","Asik","10.777419551726311","31","3000","NO@DEN","NO","DEN","O","Illness","",""
"22006-12424","C","Timofey","Timofey Mozgov","Mozgov","10.728571210588727","14","3000","UTA@BKN","BKN","UTA","","","",""
"22006-66185","PF","Caleb","Caleb Swanigan","Swanigan","9.140000152587891","10","3000","POR@SAC","POR","SAC","","","",""
"22006-66196","SG","PJ","PJ Dozier","Dozier","0","0","3000","OKC@SA","OKC","SA","","","",""
"22006-63126","SF","Cedi","Cedi Osman","Osman","2.0714285714285716","7","3000","LAC@CLE","CLE","LAC","","","",""
"22006-63127","C","Willy","Willy Hernangomez","Hernangomez","9.057143075125557","7","3000","NY@TOR","NY","TOR","","","",""
"22006-66203","SG","Malachi","Malachi Richardson","Richardson","8.600000381469727","8","3000","POR@SAC","SAC","POR","","","",""
"22006-66205","PF","Tyler","Tyler Lydon","Lydon","0","0","3000","NO@DEN","DEN","NO","","","",""
"22006-70821","C","Georgios","Georgios Papagiannis","Papagiannis","5.625","4","3000","POR@SAC","SAC","POR","","","",""
"22006-23717","SF","Shabazz","Shabazz Muhammad","Muhammad","8.200000217982701","14","3000","MIN@DAL","MIN","DAL","","","",""
"22006-70822","SF","Juan","Juan Hernangomez","Hernangomez","0","3","3000","NO@DEN","DEN","NO","","","",""
"22006-70824","C","Ante","Ante Zizic","Zizic","5.279999923706055","5","3000","LAC@CLE","CLE","LAC","","","",""
"22006-70827","C","Ivica","Ivica Zubac","Zubac","2.299999952316284","2","3000","PHO@LAL","LAL","PHO","","","",""
"22006-14521","PF","Kenneth","Kenneth Faried","Faried","9.116666793823242","12","3000","NO@DEN","DEN","NO","","","",""
"22006-23740","PG","Ryan","Ryan Arcidiacono","Arcidiacono","1.5","1","3000","CHA@CHI","CHI","CHA","","","",""
"22006-14532","SF","Kyle","Kyle Singler","Singler","2","1","3000","OKC@SA","OKC","SA","","","",""
"22006-14539","PF","Jon","Jon Leuer","Leuer","11.612500190734863","8","3000","DET@IND","DET","IND","GTD","Ankle","",""
"22006-9932","SG","Damien","Damien Wilkins","Wilkins","3.177777820163303","9","3000","DET@IND","IND","DET","","","",""
"22006-14543","PF","Davis","Davis Bertans","Bertans","5.0363637750799","11","3000","OKC@SA","SA","OKC","","","",""
"22006-81621","PF","Maxi","Maxi Kleber","Kleber","8.555555555555555","9","3000","MIN@DAL","DAL","MIN","","","",""
"22006-58584","PG","Gian","Gian Clavell","Clavell","5.271428789411273","7","3000","MIN@DAL","DAL","MIN","","","",""
"22006-9953","C","Ian","Ian Mahinmi","Mahinmi","9.228571210588727","14","3000","MIA@WAS","WAS","MIA","","","",""
"22006-58081","PG","Tyus","Tyus Jones","Jones","8.785714285714286","14","3000","MIN@DAL","MIN","DAL","","","",""
"22006-9956","SG","Wayne","Wayne Ellington","Ellington","10.700000217982701","14","3000","MIA@WAS","MIA","WAS","","","",""
"22006-23780","SF","Jake","Jake Layman","Layman","5","3","3000","POR@SAC","POR","SAC","","","",""
"22006-9448","SG","Jamal","Jamal Crawford","Crawford","15.385713849748884","14","3000","MIN@DAL","MIN","DAL","","","",""
"22006-23273","C","AJ","AJ Hammons","Hammons","5.872727134011009","22","3000","MIA@WAS","MIA","WAS","","","",""
"22006-67312","C","Thomas","Thomas Bryant","Bryant","0","0","3000","PHO@LAL","LAL","PHO","","","",""
"22006-23282","SF","Sam","Sam Dekker","Dekker","4.570000076293946","10","3000","LAC@CLE","LAC","CLE","","","",""
"22006-23800","SF","Glenn","Glenn Robinson III","Robinson III","13.488405974014945","69","3000","DET@IND","IND","DET","O","Ankle","",""
"22006-15620","PF","Okaro","Okaro White","White","6.866666793823242","6","3000","MIA@WAS","MIA","WAS","O","Foot","",""
"22006-23300","SG","Charles","Charles Cooke","Cooke","3.25","2","3000","NO@DEN","NO","DEN","","","",""
"22006-40200","C","Lucas","Lucas Nogueira","Nogueira","15.163636641068893","11","3000","NY@TOR","TOR","NY","","","",""
"22006-9483","C","Joakim","Joakim Noah","Noah","22.023912512737773","46","3000","NY@TOR","NY","TOR","","","",""
"22006-40206","SG","Alex","Alex Abrines","Abrines","8.164285932268415","14","3000","OKC@SA","OKC","SA","","","",""
"22006-40209","C","Joffrey","Joffrey Lauvergne","Lauvergne","10.740000152587891","5","3000","OKC@SA","SA","OKC","","","",""
"22006-23826","PF","Alex","Alex Poythress","Poythress","1.433333396911621","6","3000","DET@IND","IND","DET","","","",""
"22006-55058","SF","Bruno","Bruno Caboclo","Caboclo","2.8499999046325684","2","3000","NY@TOR","TOR","NY","","","",""
"22006-15669","C","Meyers","Meyers Leonard","Leonard","10.100000381469727","2","3000","POR@SAC","POR","SAC","","","",""
"22006-20277","SF","Torrey","Torrey Craig","Craig","0","0","3000","NO@DEN","DEN","NO","","","",""
"22006-23350","SG","Matt","Matt Williams Jr.","Williams Jr.","0","0","3000","MIA@WAS","MIA","WAS","","","",""
"22006-15671","SG","Brandon","Brandon Paul","Paul","9.366666666666667","15","3000","OKC@SA","SA","OKC","","","",""
"22006-16183","SF","JaKarr","JaKarr Sampson","Sampson","6.75","2","3000","POR@SAC","SAC","POR","","","",""
"22006-34615","C","Willie","Willie Reed","Reed","13.323076688326323","13","3000","LAC@CLE","LAC","CLE","","","",""
"22006-41275","PF","Mike","Mike Young","Young","0","0","3000","MIA@WAS","WAS","MIA","","","",""
"22006-16188","SF","Anthony","Anthony Brown","Brown","9.690908952192826","11","3000","MIN@DAL","MIN","DAL","","","",""
"22006-9534","PG","Aaron","Aaron Brooks","Brooks","2.2249999046325684","4","3000","MIN@DAL","MIN","DAL","","","",""
"22006-16191","SF","Josh","Josh Huestis","Huestis","8.48181845925071","11","3000","OKC@SA","OKC","SA","","","",""
"22006-20805","SG","Troy","Troy Daniels","Daniels","7.331250190734863","16","3000","PHO@LAL","PHO","LAL","","","",""
"22006-20806","SG","Treveon","Treveon Graham","Graham","12.069999694824219","10","3000","CHA@CHI","CHA","CHI","GTD","Quadriceps","",""
"22006-40267","PG","London","London Perrantes","Perrantes","0","0","3000","LAC@CLE","CLE","LAC","","","",""
"22006-17230","PG","Langston","Langston Galloway","Galloway","11.223076453575722","13","3000","DET@IND","DET","IND","","","",""
"22006-17747","PG","Ian","Ian Clark","Clark","11.192307692307692","13","3000","NO@DEN","NO","DEN","","","",""
"22006-9580","PF","Darrell","Darrell Arthur","Arthur","4.550000190734863","2","3000","NO@DEN","DEN","NO","","","",""
"22006-9589","C","Udonis","Udonis Haslem","Haslem","5.6588233498966","17","3000","MIA@WAS","MIA","WAS","","","",""
"22006-15736","C","Jeff","Jeff Withey","Withey","4.066666603088379","6","3000","MIN@DAL","DAL","MIN","","","",""
"22006-66424","C","Justin","Justin Patton","Patton","0","0","3000","MIN@DAL","MIN","DAL","O","Foot","",""
"22006-18811","PF","Malcolm","Malcolm Miller","Miller","0","0","3000","NY@TOR","TOR","NY","O","Ankle","",""
"22006-20357","SF","Jalen","Jalen Jones","Jones","1.600000023841858","2","3000","NO@DEN","NO","DEN","","","",""
"22006-9606","SF","Corey","Corey Brewer","Brewer","7.2866668701171875","15","3000","PHO@LAL","LAL","PHO","","","",""
"22006-18828","PG","Joe","Joe Young","Young","3.6900001525878907","10","3000","DET@IND","IND","DET","","","",""
"22006-66455","PF","Henry","Henry Ellenson","Ellenson","10.7","5","3000","DET@IND","DET","IND","","","",""
"22006-66968","SF","Derrick","Derrick Jones Jr.","Jones Jr.","5.520000076293945","5","3000","PHO@LAL","PHO","LAL","","","",""
"22006-58270","PG","Edmond","Edmond Sumner","Sumner","0","0","3000","DET@IND","IND","DET","O","Knee","",""
"22006-18338","SF","Royce","Royce O'Neale","O'Neale","3.2714285169328963","7","3000","UTA@BKN","UTA","BKN","","","",""
"22006-23981","SG","Alex","Alex Caruso","Caruso","4.199999809265137","2","3000","PHO@LAL","LAL","PHO","","","",""
"22006-80815","C","Zach","Zach Collins","Collins","1.5750000476837158","4","3000","POR@SAC","POR","SAC","","","",""
"22006-15792","PF","Johnny","Johnny O'Bryant III","O'Bryant III","11.116666158040365","6","3000","CHA@CHI","CHA","CHI","","","",""
"22006-58800","SF","Daniel","Daniel Hamilton","Hamilton","0","1","3000","OKC@SA","OKC","SA","","","",""
"22006-9649","C","Nick","Nick Collison","Collison","1.5","1","3000","OKC@SA","OKC","SA","","","",""
"22006-80819","PF","Harry","Harry Giles","Giles","0","0","3000","POR@SAC","SAC","POR","O","Knee","",""
"22006-80818","PF","TJ","TJ Leaf","Leaf","8.207142966134208","14","3000","DET@IND","IND","DET","","","",""
"22006-80820","SG","Terrance","Terrance Ferguson","Ferguson","1.3399999618530274","10","3000","OKC@SA","OKC","SA","","","",""
"22006-9654","SF","Vince","Vince Carter","Carter","6.166666666666667","9","3000","POR@SAC","SAC","POR","O","Illness","",""
"22006-15798","SG","Vander","Vander Blue","Blue","0.8500000238418579","2","3000","PHO@LAL","LAL","PHO","","","",""
"22006-80823","C","Tony","Tony Bradley","Bradley","1.2000000476837158","1","3000","UTA@BKN","UTA","BKN","","","",""
"22006-48567","PG","Cameron","Cameron Payne","Payne","10.487096971081149","31","3000","CHA@CHI","CHI","CHA","O","Foot","",""
"22006-48570","PF","Isaiah","Isaiah Hicks","Hicks","0","0","3000","NY@TOR","NY","TOR","","","",""
"22006-80826","C","Ike","Ike Anigbogu","Anigbogu","2.133333365122477","6","3000","DET@IND","IND","DET","","","",""
"22006-15808","PF","Jamil","Jamil Wilson","Wilson","0","0","3000","LAC@CLE","LAC","CLE","","","",""
"22006-9669","PF","Jason","Jason Smith","Smith","6.616666793823242","6","3000","MIA@WAS","WAS","MIA","","","",""
"22006-40396","PG","Monte","Monte Morris","Morris","0","0","3000","NO@DEN","DEN","NO","","","",""
"22006-49114","PG","Frank","Frank Mason","Mason","9.214285714285714","7","3000","POR@SAC","SAC","POR","","","",""
"22006-16859","SF","Lance","Lance Thomas","Thomas","7.954545454545454","11","3000","NY@TOR","NY","TOR","","","",""
"22006-34779","PF","Mangok","Mangok Mathiang","Mathiang","2.4000000953674316","1","3000","CHA@CHI","CHA","CHI","","","",""
"22006-16348","SG","Darrun","Darrun Hilliard","Hilliard","1.9666666984558105","3","3000","OKC@SA","SA","OKC","","","",""
"22006-24543","PF","Matt","Matt Costello","Costello","14","1","3000","OKC@SA","SA","OKC","","","",""
"22006-9706","SF","Richard","Richard Jefferson","Jefferson","2.7249999046325684","4","3000","NO@DEN","DEN","NO","","","",""
"22006-9712","PG","Jose","Jose Calderon","Calderon","2.300000031789144","6","3000","LAC@CLE","CLE","LAC","","","",""
"22006-63477","SF","Luis","Luis Montero","Montero","0","0","3000","DET@IND","DET","IND","","","",""
"22006-16376","SF","Dorian","Dorian Finney-Smith","Finney-Smith","5.1875","8","3000","MIN@DAL","DAL","MIN","O","Knee","",""